id,message,url,claimed_org,claimed_intent,expected_domain,actual_domain,is_phishing,scenario_type
1,"Dear SBI User, your account has been temporarily locked due to unusual activity. Verify your identity immediately.",https://sbi-secure-login.xyz/verify,State Bank of India,account_verification,onlinesbi.sbi,sbi-secure-login.xyz,1,brand_mismatch
2,"Your State Bank of India net banking password has been changed successfully. If this was not you, report immediately.",https://www.onlinesbi.sbi,State Bank of India,security_alert,onlinesbi.sbi,onlinesbi.sbi,0,legit_aligned
3,Your Netflix membership is on hold. We were unable to process your monthly payment. Update your billing details.,https://netflix.com.billing-update.top/auth,Netflix,payment_failed,netflix.com,billing-update.top,1,subdomain_impersonation
4,We have added a new show to your Netflix watchlist based on your preferences. Watch now online.,https://www.netflix.com/browse,Netflix,content_recommendation,netflix.com,netflix.com,0,legit_aligned
5,Amazon Alert: An unauthorized purchase of .00 was attempted on your account. Cancel this transaction now.,https://amazon-orders-cancellation.info/dispute,Amazon,transaction_dispute,amazon.com,amazon-orders-cancellation.info,1,brand_mismatch
6,Your Amazon package is out for delivery with tracking ID 492049. Track your shipment live.,https://www.amazon.in/gp/your-account/order-history,Amazon,package_tracking,amazon.in,amazon.in,0,legit_aligned
7,PayPal Security: Suspicious login from an unknown device in Moscow. Secure your account immediately.,https://paypal.com-resolution-center.biz/login,PayPal,account_security,paypal.com,paypal.com-resolution-center.biz,1,subdomain_impersonation
8,You received a payment of .00 USD from John Doe. Log in to your PayPal account to view details.,https://www.paypal.com,PayPal,payment_received,paypal.com,paypal.com,0,legit_aligned
9,URGENT: Microsoft 365 storage quota exceeded. Your incoming emails will be deleted in 24 hours. Upgrade storage.,https://storage-m365-upgrade.org/portal,Microsoft,account_quota,microsoft.com,storage-m365-upgrade.org,1,brand_mismatch
10,Microsoft Security Alert: Unrecognized sign-in detected on your Microsoft account. Review activity.,https://account.microsoft.com/security,Microsoft,security_alert,microsoft.com,account.microsoft.com,0,legit_aligned
11,Apple ID Alert: Your iCloud account will be suspended today. Click here to confirm your credentials.,https://appleid.apple.com.icloud-support.club,Apple,account_suspension,apple.com,icloud-support.club,1,subdomain_impersonation
12,Your Apple receipt for iCloud+ 50GB storage plan is ready. Review your purchase history.,https://support.apple.com/billing,Apple,billing_receipt,apple.com,support.apple.com,0,legit_aligned
13,DHL Express: Your parcel delivery is pending customs clearance fee of Rs 150. Pay fee to release parcel.,http://dhl-express-customs.net/pay,DHL,customs_fee,dhl.com,dhl-express-customs.net,1,brand_mismatch
14,DHL Shipment Tracking: Your package with AWB 8492019482 has arrived at local facility. Track status.,https://www.dhl.com/track,DHL,package_tracking,dhl.com,dhl.com,0,legit_aligned
15,"HDFC Bank: Your credit card reward points worth Rs 7,500 expire today. Redeem now into your bank account.",http://hdfc-rewardpoints.xyz/redeem,HDFC Bank,reward_redemption,hdfcbank.com,hdfc-rewardpoints.xyz,1,financial_reward_bait
16,Your HDFC Bank credit card statement for the month of August is generated. View statement online.,https://netbanking.hdfcbank.com,HDFC Bank,statement_notification,hdfcbank.com,netbanking.hdfcbank.com,0,legit_aligned
17,"Income Tax Dept: You have been approved for a tax refund of Rs 14,800. Claim your refund immediately.",http://incometax-refund-gov.in.co/claim,Income Tax Department,tax_refund,incometax.gov.in,incometax-refund-gov.in.co,1,brand_mismatch
18,Annual Tax Statement (Form 26AS) has been updated for PAN XXXXX1234X. Login to e-Filing portal.,https://www.incometax.gov.in,Income Tax Department,tax_notification,incometax.gov.in,incometax.gov.in,0,legit_aligned
19,FedEx: We missed you today while delivering parcel US940291. Reschedule delivery date immediately.,https://fedex-parcel-reschedule.com/delivery,FedEx,delivery_reschedule,fedex.com,fedex-parcel-reschedule.com,1,brand_mismatch
20,FedEx Tracking: Your shipment has been delivered and signed for. View proof of delivery online.,https://www.fedex.com/tracking,FedEx,delivery_confirmation,fedex.com,fedex.com,0,legit_aligned
21,Google Workspace Alert: Unauthorized password reset initiated for your domain account. Review immediately.,http://google.com.user-auth-reset.me,Google,security_alert,google.com,user-auth-reset.me,1,subdomain_impersonation
22,Google Security Alert: New sign-in detected on Windows device. Check details in your account.,https://myaccount.google.com/notifications,Google,security_alert,google.com,myaccount.google.com,0,legit_aligned
23,"ICICI Bank Alert: Your KYC documents have expired. To avoid account freeze, submit Aadhaar/PAN online.",https://icicibank-kyc-update.online,ICICI Bank,kyc_update,icicibank.com,icicibank-kyc-update.online,1,brand_mismatch
24,Your ICICI Bank savings account monthly interest has been credited. View your mini-statement.,https://infinity.icicibank.com,ICICI Bank,account_notification,icicibank.com,infinity.icicibank.com,0,legit_aligned
25,Meta / Facebook: Your business page has been reported for copyright violation and will be permanently deleted in 12 hours.,https://meta-copyright-appeal.cc,Facebook,account_suspension,facebook.com,meta-copyright-appeal.cc,1,brand_mismatch
26,Someone commented on your Facebook post: Great picture! See comment on your profile.,https://www.facebook.com/notifications,Facebook,social_notification,facebook.com,facebook.com,0,legit_aligned
27,WhatsApp Gold: Exclusive invitation! Download official WhatsApp Gold version with free video calling features.,http://whatsapp-gold-installer.vip/download,WhatsApp,app_update,whatsapp.com,whatsapp-gold-installer.vip,1,brand_mismatch
28,"To use WhatsApp on your web browser, navigate to WhatsApp Web and scan the QR code on screen.",https://web.whatsapp.com,WhatsApp,web_login,whatsapp.com,web.whatsapp.com,0,legit_aligned
29,"Congratulations! You have won Rs 50,000 cash prize in lucky draw. Claim your lottery prize immediately.",http://kbc-lottery-winner2026.top/win,None,lottery_prize,None,kbc-lottery-winner2026.top,1,financial_reward_bait
30,Join the team sprint retrospective meeting scheduled for tomorrow at 10:00 AM. Meeting link attached.,https://meet.google.com/abc-defg-hij,Google,meeting_invite,meet.google.com,meet.google.com,0,legit_aligned
31,"FINAL NOTICE: Your electric power will be disconnected at 8:00 PM due to unpaid bill of Rs 3,450. Pay bill now.",http://electricity-bill-pay.link,None,service_disconnection,None,electricity-bill-pay.link,1,urgency_credential_phish
32,"Your monthly electricity bill of Rs 1,240 is now available for download. View your bill online.",https://www.bescom.org.in,None,bill_notification,None,bescom.org.in,0,legit_aligned
33,Scan this QR code on the parking meter to pay parking fee immediately to avoid fine.,https://quick-parking-meter-pay.cc/session?spot=42,None,parking_payment,None,quick-parking-meter-pay.cc,1,qr_scam
34,Scan QR code to view our restaurant digital food menu and place your order.,https://order.starbucks.com/menu,Starbucks,menu_lookup,starbucks.com,order.starbucks.com,0,legit_aligned
35,Spotify Premium: Your subscription payment failed. Your music will be interrupted. Update payment method.,http://spotify-billing-support.net,Spotify,payment_failed,spotify.com,spotify-billing-support.net,1,brand_mismatch
36,Your Spotify Year in Review is ready! Discover your top songs and artists of 2026.,https://open.spotify.com/genre/wrapped,Spotify,content_recommendation,spotify.com,open.spotify.com,0,legit_aligned
37,"Axis Bank: A request to add beneficiary John Doe for Rs 100,000 has been registered. If not done by you, cancel.",http://axis-bank-cancel-transfer.org,Axis Bank,security_alert,axisbank.com,axis-bank-cancel-transfer.org,1,brand_mismatch
38,Your Axis Bank account statement for FY 2025-26 has been dispatched to your email. Login to view.,https://www.axisbank.com,Axis Bank,statement_notification,axisbank.com,axisbank.com,0,legit_aligned
39,Instagram Security: We noticed unusual activity from Russia on your profile. Verify your account now.,https://instagram.com-login-verify.club,Instagram,security_alert,instagram.com,instagram.com-login-verify.club,1,subdomain_impersonation
40,Your friend tagged you in a photo on Instagram. Tap to see the post and respond.,https://www.instagram.com/p/C9f1234/,Instagram,social_notification,instagram.com,instagram.com,0,legit_aligned
41,LinkedIn: 4 recruiters viewed your profile today and sent you high-priority job offers. View offers.,https://linkedin-career-portal.net/jobs,LinkedIn,job_alert,linkedin.com,linkedin-career-portal.net,1,brand_mismatch
42,You have 3 new notifications on LinkedIn from your professional network. Connect today.,https://www.linkedin.com/feed,LinkedIn,social_notification,linkedin.com,linkedin.com,0,legit_aligned
43,Uber: Your ride receipt of Rs 850 has an unsettled balance. Pay now to avoid account suspension.,http://uber-receipt-settlement.info,Uber,payment_failed,uber.com,uber-receipt-settlement.info,1,brand_mismatch
44,Thanks for riding with Uber! Here is your ride breakdown. Access your trip history online.,https://riders.uber.com/trips,Uber,trip_receipt,uber.com,riders.uber.com,0,legit_aligned
45,"Telegram Security: We detected a login code request from a new IP. If this was not you, lock your account.",http://telegram-session-guard.cc,Telegram,security_alert,telegram.org,telegram-session-guard.cc,1,brand_mismatch
46,Telegram desktop web version is available. Sync your conversations securely on your laptop.,https://web.telegram.org,Telegram,web_login,telegram.org,web.telegram.org,0,legit_aligned
47,"eBay: Your order for Sony PlayStation 5 was successful (.00). If unauthorized, dispute charge.",https://ebay.com.dispute-charge.top,eBay,transaction_dispute,ebay.com,dispute-charge.top,1,subdomain_impersonation
48,Your eBay daily deals digest: Save up to 50% on electronics and refurbished laptops.,https://www.ebay.com/deals,eBay,marketing_digest,ebay.com,ebay.com,0,legit_aligned
49,Dropbox Alert: Important confidential document shared with you: Company_Salaries_2026.pdf. Sign in to view.,http://dropbox-fileshare-viewer.me,Dropbox,file_sharing,dropbox.com,dropbox-fileshare-viewer.me,1,brand_mismatch
50,A document shared with you on Dropbox has been updated by Alex. Review changes online.,https://www.dropbox.com/home,Dropbox,file_sharing,dropbox.com,dropbox.com,0,legit_aligned
