kept_hash,label,domain,filename
eea30e7b48fee2e2edeadfc2fb0ddebcc512a31649b41118993909767ac81cf2,legitimate,genuine_allhighschools.comschoolrapid-city-central-high-school1000000350,screenshots/genuine_site_0/genuine_allhighschools.comschoolrapid-city-central-high-school1000000350_1273.png
eea30e7b48fee2e2edeadfc2fb0ddebcc512a31649b41118993909767ac81cf2,legitimate,genuine_theshapeofthingstocome.net,screenshots/genuine_site_0/genuine_theshapeofthingstocome.net_2996.png
eea30e7b48fee2e2edeadfc2fb0ddebcc512a31649b41118993909767ac81cf2,legitimate,genuine_tripadvisor.comattraction_review-g32810-d1869714-reviews-the_cathedral_of_christ,screenshots/genuine_site_0/genuine_tripadvisor.comAttraction_Review-g32810-d1869714-Reviews-The_Cathedral_of_Christ_1501.png
eea30e7b48fee2e2edeadfc2fb0ddebcc512a31649b41118993909767ac81cf2,legitimate,genuine_divxturka.netdivx-download24788-nine-deaths-ninja-1985-a.html,screenshots/genuine_site_0/genuine_divxturka.netdivx-download24788-nine-deaths-ninja-1985-a.html_1819.png
eea30e7b48fee2e2edeadfc2fb0ddebcc512a31649b41118993909767ac81cf2,legitimate,genuine_reachforchrist.orghucklaminar.php,screenshots/genuine_site_0/genuine_reachforchrist.orgHucklaminar.php_785.png
eea30e7b48fee2e2edeadfc2fb0ddebcc512a31649b41118993909767ac81cf2,legitimate,genuine_marriagesintexas.comindex_pages1987-135.html,screenshots/genuine_site_0/genuine_marriagesintexas.comindex_pages1987-135.html_1729.png
eea30e7b48fee2e2edeadfc2fb0ddebcc512a31649b41118993909767ac81cf2,legitimate,genuine_search.cpan.orgsearch,screenshots/genuine_site_0/genuine_search.cpan.orgsearch_784.png
eea30e7b48fee2e2edeadfc2fb0ddebcc512a31649b41118993909767ac81cf2,legitimate,genuine_carbodyparts.netoldsmobile-delta_88-inventory.html,screenshots/genuine_site_0/genuine_carbodyparts.netoldsmobile-delta_88-inventory.html_1441.png
eea30e7b48fee2e2edeadfc2fb0ddebcc512a31649b41118993909767ac81cf2,legitimate,genuine_findsportsnow.comsportslisting63184th-annual-broadway-bridge-run,screenshots/genuine_site_0/genuine_findsportsnow.comsportslisting63184th-annual-broadway-bridge-run_749.png
eea30e7b48fee2e2edeadfc2fb0ddebcc512a31649b41118993909767ac81cf2,legitimate,genuine_chem.wisc.eduusersskinner,screenshots/genuine_site_0/genuine_chem.wisc.eduusersskinner_1965.png
eea30e7b48fee2e2edeadfc2fb0ddebcc512a31649b41118993909767ac81cf2,legitimate,genuine_rockingtheblues.com,screenshots/genuine_site_0/genuine_rockingtheblues.com_960.png
eea30e7b48fee2e2edeadfc2fb0ddebcc512a31649b41118993909767ac81cf2,legitimate,genuine_erneorin.com,screenshots/genuine_site_0/genuine_erneorin.com_1143.png
eea30e7b48fee2e2edeadfc2fb0ddebcc512a31649b41118993909767ac81cf2,legitimate,genuine_batlyrics.comsingle_ladies_28put_a_ring_on_it29-lyrics-the_chipettes.html,screenshots/genuine_site_0/genuine_batlyrics.comsingle_ladies_28put_a_ring_on_it29-lyrics-the_chipettes.html_2466.png
eea30e7b48fee2e2edeadfc2fb0ddebcc512a31649b41118993909767ac81cf2,legitimate,genuine_fostoria.orghistorykrupp1985oct_10__1985.html,screenshots/genuine_site_0/genuine_fostoria.orghistoryKrupp1985oct_10__1985.html_1855.png
eea30e7b48fee2e2edeadfc2fb0ddebcc512a31649b41118993909767ac81cf2,legitimate,genuine_gallagherstravels.comamtrak-across-the-us,screenshots/genuine_site_0/genuine_gallagherstravels.comamtrak-across-the-us_2801.png
eea30e7b48fee2e2edeadfc2fb0ddebcc512a31649b41118993909767ac81cf2,legitimate,genuine_sundancechannel.comfilms500063996,screenshots/genuine_site_0/genuine_sundancechannel.comfilms500063996_1403.png
eea30e7b48fee2e2edeadfc2fb0ddebcc512a31649b41118993909767ac81cf2,legitimate,genuine_news.yahoo.comgoogle-com-ranks-seochampion-com-1-search-engine-100026889.html,screenshots/genuine_site_0/genuine_news.yahoo.comgoogle-com-ranks-seochampion-com-1-search-engine-100026889.html_1472.png
eea30e7b48fee2e2edeadfc2fb0ddebcc512a31649b41118993909767ac81cf2,legitimate,genuine_movies-on-demand.tvwatch_sin-nombre-2009,screenshots/genuine_site_0/genuine_movies-on-demand.tvwatch_sin-nombre-2009_1022.png
eea30e7b48fee2e2edeadfc2fb0ddebcc512a31649b41118993909767ac81cf2,legitimate,genuine_americanwarheroes.orgherobio.htm,screenshots/genuine_site_0/genuine_americanwarheroes.orgherobio.htm_599.png
eea30e7b48fee2e2edeadfc2fb0ddebcc512a31649b41118993909767ac81cf2,legitimate,genuine_www.kuodesign.compineapple,screenshots/genuine_site_0/genuine_www.kuodesign.compineapple_1443.png
eea30e7b48fee2e2edeadfc2fb0ddebcc512a31649b41118993909767ac81cf2,legitimate,genuine_cruisecritic.comreviewsreview.cfm,screenshots/genuine_site_0/genuine_cruisecritic.comreviewsreview.cfm_2953.png
eea30e7b48fee2e2edeadfc2fb0ddebcc512a31649b41118993909767ac81cf2,legitimate,genuine_linkedin.compubvincent-laurent8753b16,screenshots/genuine_site_0/genuine_linkedin.compubvincent-laurent8753b16_521.png
eea30e7b48fee2e2edeadfc2fb0ddebcc512a31649b41118993909767ac81cf2,legitimate,genuine_www.rlaj.comscripts,screenshots/genuine_site_0/genuine_www.rlaj.comscripts_1341.png
eea30e7b48fee2e2edeadfc2fb0ddebcc512a31649b41118993909767ac81cf2,legitimate,genuine_docstoc.comdocs63437722000_oklahoma_sooners_football_team,screenshots/genuine_site_0/genuine_docstoc.comdocs63437722000_Oklahoma_Sooners_football_team_488.png
eea30e7b48fee2e2edeadfc2fb0ddebcc512a31649b41118993909767ac81cf2,legitimate,genuine_charleychaseonline.com,screenshots/genuine_site_0/genuine_charleychaseonline.com_457.png
eea30e7b48fee2e2edeadfc2fb0ddebcc512a31649b41118993909767ac81cf2,legitimate,genuine_tipsforbeginnergolfers.com,screenshots/genuine_site_0/genuine_tipsforbeginnergolfers.com_1909.png
eea30e7b48fee2e2edeadfc2fb0ddebcc512a31649b41118993909767ac81cf2,legitimate,genuine_the-artists.orgartistarthur-lismer,screenshots/genuine_site_0/genuine_the-artists.orgartistArthur-Lismer_1300.png
eea30e7b48fee2e2edeadfc2fb0ddebcc512a31649b41118993909767ac81cf2,legitimate,genuine_dk.linkedin.cominmichaeliburg,screenshots/genuine_site_0/genuine_dk.linkedin.cominmichaeliburg_1754.png
eea30e7b48fee2e2edeadfc2fb0ddebcc512a31649b41118993909767ac81cf2,legitimate,genuine_tripadvisor.comattraction_review-g155032-d185122-reviews-sun_life_building_edifi,screenshots/genuine_site_0/genuine_tripadvisor.comAttraction_Review-g155032-d185122-Reviews-Sun_Life_Building_Edifi_2346.png
eea30e7b48fee2e2edeadfc2fb0ddebcc512a31649b41118993909767ac81cf2,legitimate,genuine_nytimes.com19871108businessa-power-in-perfume-robin-burns-creating-obsession-and,screenshots/genuine_site_0/genuine_nytimes.com19871108businessa-power-in-perfume-robin-burns-creating-obsession-and_2478.png
eea30e7b48fee2e2edeadfc2fb0ddebcc512a31649b41118993909767ac81cf2,legitimate,genuine_web.userinstinct.com10021235-earthjustice-legal-defense-fund.htm,screenshots/genuine_site_0/genuine_web.userinstinct.com10021235-earthjustice-legal-defense-fund.htm_888.png
eea30e7b48fee2e2edeadfc2fb0ddebcc512a31649b41118993909767ac81cf2,legitimate,genuine_linkedin.compubbrian-grauer13b7551,screenshots/genuine_site_0/genuine_linkedin.compubbrian-grauer13b7551_1620.png
eea30e7b48fee2e2edeadfc2fb0ddebcc512a31649b41118993909767ac81cf2,legitimate,genuine_woodburydevon.co.ukburials.htm,screenshots/genuine_site_0/genuine_woodburydevon.co.ukburials.htm_1436.png
eea30e7b48fee2e2edeadfc2fb0ddebcc512a31649b41118993909767ac81cf2,legitimate,genuine_linkedin.comdirectorypeoplekeyser.html,screenshots/genuine_site_0/genuine_linkedin.comdirectorypeoplekeyser.html_2414.png
eea30e7b48fee2e2edeadfc2fb0ddebcc512a31649b41118993909767ac81cf2,legitimate,genuine_tripadvisor.comhotel_review-g196491-d1151997-reviews-hotel_saint_ulrich-barr_bas,screenshots/genuine_site_0/genuine_tripadvisor.comHotel_Review-g196491-d1151997-Reviews-Hotel_Saint_Ulrich-Barr_Bas_2385.png
eea30e7b48fee2e2edeadfc2fb0ddebcc512a31649b41118993909767ac81cf2,legitimate,genuine_icehockeymetrics.com,screenshots/genuine_site_0/genuine_icehockeymetrics.com_1272.png
eea30e7b48fee2e2edeadfc2fb0ddebcc512a31649b41118993909767ac81cf2,legitimate,genuine_www.tigersaver.comscreensavers.htm,screenshots/genuine_site_0/genuine_www.tigersaver.comscreensavers.htm_2120.png
eea30e7b48fee2e2edeadfc2fb0ddebcc512a31649b41118993909767ac81cf2,legitimate,genuine_linkedin.compubraymond-fisher312762,screenshots/genuine_site_0/genuine_linkedin.compubraymond-fisher312762_2453.png
eea30e7b48fee2e2edeadfc2fb0ddebcc512a31649b41118993909767ac81cf2,legitimate,genuine_ias-america.org,screenshots/genuine_site_0/genuine_ias-america.org_2007.png
eea30e7b48fee2e2edeadfc2fb0ddebcc512a31649b41118993909767ac81cf2,legitimate,genuine_filecatch.com,screenshots/genuine_site_0/genuine_filecatch.com_310.png
eea30e7b48fee2e2edeadfc2fb0ddebcc512a31649b41118993909767ac81cf2,legitimate,genuine_midway1942.orgorder.shtml,screenshots/genuine_site_0/genuine_midway1942.orgorder.shtml_1814.png
eea30e7b48fee2e2edeadfc2fb0ddebcc512a31649b41118993909767ac81cf2,phishing,phishing_fra1.ib.adnxs.comif,screenshots/phishing_site_1/phishing_fra1.ib.adnxs.comif_2961.png
eea30e7b48fee2e2edeadfc2fb0ddebcc512a31649b41118993909767ac81cf2,phishing,phishing_ib.adnxs.comtt,screenshots/phishing_site_1/phishing_ib.adnxs.comtt_2952.png
eea30e7b48fee2e2edeadfc2fb0ddebcc512a31649b41118993909767ac81cf2,phishing,phishing_goo.glt2kwxy,screenshots/phishing_site_1/phishing_goo.glt2KWxy_1821.png
eea30e7b48fee2e2edeadfc2fb0ddebcc512a31649b41118993909767ac81cf2,phishing,phishing_fra1.ib.adnxs.comif,screenshots/phishing_site_1/phishing_fra1.ib.adnxs.comif_324.png
eea30e7b48fee2e2edeadfc2fb0ddebcc512a31649b41118993909767ac81cf2,phishing,phishing_fra1.ib.adnxs.comif,screenshots/phishing_site_1/phishing_fra1.ib.adnxs.comif_2788.png
eea30e7b48fee2e2edeadfc2fb0ddebcc512a31649b41118993909767ac81cf2,phishing,phishing_colagung.comizm4t243,screenshots/phishing_site_1/phishing_colagung.comizm4t243_23.png
eea30e7b48fee2e2edeadfc2fb0ddebcc512a31649b41118993909767ac81cf2,phishing,phishing_www.gebrvanorsouw.nlg76gyui,screenshots/phishing_site_1/phishing_www.gebrvanorsouw.nlg76gyui_631.png
eea30e7b48fee2e2edeadfc2fb0ddebcc512a31649b41118993909767ac81cf2,phishing,phishing_canonsupervideo4k.ws2sye3alf,screenshots/phishing_site_1/phishing_canonsupervideo4k.ws2sye3alf_2736.png
eea30e7b48fee2e2edeadfc2fb0ddebcc512a31649b41118993909767ac81cf2,phishing,phishing_sh4d0wxpl01tr.hoxty.com,screenshots/phishing_site_1/phishing_sh4d0wxpl01tr.hoxty.com_2669.png
eea30e7b48fee2e2edeadfc2fb0ddebcc512a31649b41118993909767ac81cf2,phishing,phishing_www.acewellpc.comimages,screenshots/phishing_site_1/phishing_www.acewellpc.comimages_1262.png
eea30e7b48fee2e2edeadfc2fb0ddebcc512a31649b41118993909767ac81cf2,phishing,phishing_parsimaj.com60webt.php,screenshots/phishing_site_1/phishing_parsimaj.com60wEBT.php_1547.png
eea30e7b48fee2e2edeadfc2fb0ddebcc512a31649b41118993909767ac81cf2,phishing,phishing_sell4u.capaypallogincf8bb50734home,screenshots/phishing_site_1/phishing_sell4u.capaypallogincf8bb50734home_2278.png
eea30e7b48fee2e2edeadfc2fb0ddebcc512a31649b41118993909767ac81cf2,phishing,phishing_wholesale.undercovermama.com765f46vb.exe,screenshots/phishing_site_1/phishing_wholesale.undercovermama.com765f46vb.exe_843.png
eea30e7b48fee2e2edeadfc2fb0ddebcc512a31649b41118993909767ac81cf2,phishing,phishing_webdav1.storegate.comordu1337homeordu1337,screenshots/phishing_site_1/phishing_webdav1.storegate.comordu1337homeordu1337_2343.png
eea30e7b48fee2e2edeadfc2fb0ddebcc512a31649b41118993909767ac81cf2,phishing,phishing_thefashionmermaid.comdocinstructionsup,screenshots/phishing_site_1/phishing_thefashionmermaid.comdocinstructionsup_2107.png
eea30e7b48fee2e2edeadfc2fb0ddebcc512a31649b41118993909767ac81cf2,phishing,phishing_stuheart.comgfzeimg,screenshots/phishing_site_1/phishing_stuheart.comgfzeimg_110.png
eea30e7b48fee2e2edeadfc2fb0ddebcc512a31649b41118993909767ac81cf2,phishing,phishing_all-rides.comu8ndx,screenshots/phishing_site_1/phishing_all-rides.comu8ndx_2017.png
eea30e7b48fee2e2edeadfc2fb0ddebcc512a31649b41118993909767ac81cf2,phishing,phishing_milangardeninn.comscriptdata,screenshots/phishing_site_1/phishing_milangardeninn.comscriptdata_2983.png
eea30e7b48fee2e2edeadfc2fb0ddebcc512a31649b41118993909767ac81cf2,phishing,phishing_odihost.comhypnomail,screenshots/phishing_site_1/phishing_odihost.comhypnomail_477.png
eea30e7b48fee2e2edeadfc2fb0ddebcc512a31649b41118993909767ac81cf2,phishing,phishing_johnsondistribuidores.comadmin5gdindex.php,screenshots/phishing_site_1/phishing_johnsondistribuidores.comadmin5GDindex.php_1967.png
eea30e7b48fee2e2edeadfc2fb0ddebcc512a31649b41118993909767ac81cf2,phishing,phishing_webdav1.storegate.comuwiq175homeuwiq175,screenshots/phishing_site_1/phishing_webdav1.storegate.comuwiq175homeuwiq175_474.png
eea30e7b48fee2e2edeadfc2fb0ddebcc512a31649b41118993909767ac81cf2,phishing,phishing_xq.exxedu.cnjs,screenshots/phishing_site_1/phishing_xq.exxedu.cnjs_798.png
eea30e7b48fee2e2edeadfc2fb0ddebcc512a31649b41118993909767ac81cf2,phishing,phishing_mail.motor-corp.comdirwebhostingyahoomailemail.html,screenshots/phishing_site_1/phishing_mail.motor-corp.comDirWebHostingYahooMailemail.html_112.png
eea30e7b48fee2e2edeadfc2fb0ddebcc512a31649b41118993909767ac81cf2,phishing,phishing_fra1.ib.adnxs.comif,screenshots/phishing_site_1/phishing_fra1.ib.adnxs.comif_259.png
eea30e7b48fee2e2edeadfc2fb0ddebcc512a31649b41118993909767ac81cf2,phishing,phishing_ripasso.nl873nf3g,screenshots/phishing_site_1/phishing_ripasso.nl873nf3g_1977.png
eea30e7b48fee2e2edeadfc2fb0ddebcc512a31649b41118993909767ac81cf2,phishing,phishing_likelikeblog.bugs3.comkeybasekeybasepost.php,screenshots/phishing_site_1/phishing_likelikeblog.bugs3.comkeybasekeybasepost.php_2804.png
eea30e7b48fee2e2edeadfc2fb0ddebcc512a31649b41118993909767ac81cf2,phishing,phishing_www.heilen-und-entspannen.denjhbj0266b,screenshots/phishing_site_1/phishing_www.heilen-und-entspannen.denJHbj0266b_2538.png
eea30e7b48fee2e2edeadfc2fb0ddebcc512a31649b41118993909767ac81cf2,phishing,phishing_odihost.comhypnomailindex.php,screenshots/phishing_site_1/phishing_odihost.comhypnomailindex.php_2261.png
eea30e7b48fee2e2edeadfc2fb0ddebcc512a31649b41118993909767ac81cf2,phishing,phishing_topbodas.comwp-contentthemestopbodassecurity-paypalsecuritypplogin.htm,screenshots/phishing_site_1/phishing_topbodas.comwp-contentthemestopbodassecurity-paypalsecuritypplogin.htm_343.png
eea30e7b48fee2e2edeadfc2fb0ddebcc512a31649b41118993909767ac81cf2,phishing,phishing_paypal.com.cacgi-bin.webscr.cmd.home.country.lang.x.stallingoverloon.nl,screenshots/phishing_site_1/phishing_paypal.com.cacgi-bin.webscr.cmd.home.country.lang.x.stallingoverloon.nl_2589.png
eea30e7b48fee2e2edeadfc2fb0ddebcc512a31649b41118993909767ac81cf2,phishing,phishing_mowa.beimagesstoriesindexfilesloginenindex.html,screenshots/phishing_site_1/phishing_mowa.beimagesstoriesindexfilesloginenindex.html_2750.png
eea30e7b48fee2e2edeadfc2fb0ddebcc512a31649b41118993909767ac81cf2,phishing,phishing_gaseyes.compaypal.com.us-confirme.your.account.pay16ce0bdaaacb668abf638ec07733f3,screenshots/phishing_site_1/phishing_gaseyes.compaypal.com.us-confirme.your.account.pay16ce0bdaaacb668abf638ec07733f3_1853.png
eea30e7b48fee2e2edeadfc2fb0ddebcc512a31649b41118993909767ac81cf2,phishing,phishing_goo.glzzyyg,screenshots/phishing_site_1/phishing_goo.glzzyYg_698.png
eea30e7b48fee2e2edeadfc2fb0ddebcc512a31649b41118993909767ac81cf2,phishing,phishing_immo.3x.rooirjm2,screenshots/phishing_site_1/phishing_immo.3x.rooirjm2_2483.png
793c44e0287b7728d1c8ab95218bb7df8bb7737668b11d8c4a1cd48e6a68ce09,legitimate,genuine_isthisyour.namedirectoryfullnamesmawolverton.htm,screenshots/genuine_site_0/genuine_isthisyour.namedirectoryfullnamesmawolverton.htm_1375.png
793c44e0287b7728d1c8ab95218bb7df8bb7737668b11d8c4a1cd48e6a68ce09,legitimate,genuine_isthisyour.namedirectoryfullnamesmagirard.htm,screenshots/genuine_site_0/genuine_isthisyour.namedirectoryfullnamesmagirard.htm_1552.png
c571b21494277699ea411e5a40b206ef047e22a82751d8e500eb1c174f25b82f,legitimate,genuine_encyclopedia2.thefreedictionary.comblackcomedy,screenshots/genuine_site_0/genuine_encyclopedia2.thefreedictionary.comblackcomedy_988.png
c571b21494277699ea411e5a40b206ef047e22a82751d8e500eb1c174f25b82f,legitimate,genuine_thefreedictionary.comthomaswolfe,screenshots/genuine_site_0/genuine_thefreedictionary.comThomasWolfe_1275.png
c571b21494277699ea411e5a40b206ef047e22a82751d8e500eb1c174f25b82f,legitimate,genuine_thefreelibrary.comlesgrandsballetscanadiens3bplacedesarts3bmontreal2ccanada3bmar,screenshots/genuine_site_0/genuine_thefreelibrary.comLesGrandsBalletsCanadiens3bPlacedesArts3bMontreal2cCanada3bMar_456.png
c571b21494277699ea411e5a40b206ef047e22a82751d8e500eb1c174f25b82f,legitimate,genuine_thefreedictionary.comburgundy,screenshots/genuine_site_0/genuine_thefreedictionary.comburgundy_2977.png
c571b21494277699ea411e5a40b206ef047e22a82751d8e500eb1c174f25b82f,legitimate,genuine_thefreedictionary.comagonist,screenshots/genuine_site_0/genuine_thefreedictionary.comagonist_1233.png
c571b21494277699ea411e5a40b206ef047e22a82751d8e500eb1c174f25b82f,legitimate,genuine_thefreedictionary.comactiondeferred,screenshots/genuine_site_0/genuine_thefreedictionary.comactiondeferred_2601.png
6bb3da88f9eb8f02cc100d363fc06a864661e428146ce60447d43ea51908b594,legitimate,genuine_beenverified.compjamesclemens,screenshots/genuine_site_0/genuine_beenverified.compjamesclemens_2236.png
5d7f99415a2a998083e5b6dae7348eb99c10aa02ca6827892af4882e8b6c0882,legitimate,genuine_spoke.cominfop73fczovernhill,screenshots/genuine_site_0/genuine_spoke.cominfop73fCZOVernHill_2535.png
5d7f99415a2a998083e5b6dae7348eb99c10aa02ca6827892af4882e8b6c0882,legitimate,genuine_wordiq.comdefinitionhispanic,screenshots/genuine_site_0/genuine_wordiq.comdefinitionHispanic_1009.png
5d7f99415a2a998083e5b6dae7348eb99c10aa02ca6827892af4882e8b6c0882,legitimate,genuine_mp3raid.commusicmonster_arashi.html,screenshots/genuine_site_0/genuine_mp3raid.commusicmonster_arashi.html_2389.png
5d7f99415a2a998083e5b6dae7348eb99c10aa02ca6827892af4882e8b6c0882,legitimate,genuine_spoke.comdirpstarkerobert,screenshots/genuine_site_0/genuine_spoke.comdirpstarkerobert_1847.png
5d7f99415a2a998083e5b6dae7348eb99c10aa02ca6827892af4882e8b6c0882,legitimate,genuine_sptimes.com20021113columnstop_privately_held_co.shtml,screenshots/genuine_site_0/genuine_sptimes.com20021113ColumnsTop_privately_held_co.shtml_2467.png
5d7f99415a2a998083e5b6dae7348eb99c10aa02ca6827892af4882e8b6c0882,legitimate,genuine_wordiq.comdefinitionpolitics_of_quebec,screenshots/genuine_site_0/genuine_wordiq.comdefinitionPolitics_of_Quebec_1665.png
5d7f99415a2a998083e5b6dae7348eb99c10aa02ca6827892af4882e8b6c0882,phishing,phishing_hqprocess.comwp-includescertificatesid858-332435867479786p1login.php,screenshots/phishing_site_1/phishing_hqprocess.comwp-includescertificatesid858-332435867479786p1login.php_1827.png
5d7f99415a2a998083e5b6dae7348eb99c10aa02ca6827892af4882e8b6c0882,phishing,phishing_broadmoorstorage.comq9ik3k3k21oo029ss8sauascofirmuk.php,screenshots/phishing_site_1/phishing_broadmoorstorage.comq9ik3k3k21oo029ss8sauascofirmuk.php_491.png
2bf3f0335c219da153b711a9328489928e63fd71c821687610f1498cfc9b18c6,legitimate,genuine_facebook.comwtvanewstoday,screenshots/genuine_site_0/genuine_facebook.comwtvanewstoday_523.png
2bf3f0335c219da153b711a9328489928e63fd71c821687610f1498cfc9b18c6,legitimate,genuine_facebook.compagessubtropolis-storage123608557683864,screenshots/genuine_site_0/genuine_facebook.compagesSubTropolis-Storage123608557683864_1844.png
2bf3f0335c219da153b711a9328489928e63fd71c821687610f1498cfc9b18c6,legitimate,genuine_facebook.compagessteve-southerland-for-united-states-congress199332386528,screenshots/genuine_site_0/genuine_facebook.compagesSteve-Southerland-for-United-States-Congress199332386528_980.png
2bf3f0335c219da153b711a9328489928e63fd71c821687610f1498cfc9b18c6,legitimate,genuine_facebook.comkmaheshk007,screenshots/genuine_site_0/genuine_facebook.comkmaheshk007_2484.png
2bf3f0335c219da153b711a9328489928e63fd71c821687610f1498cfc9b18c6,legitimate,genuine_facebook.comalexander.gaden,screenshots/genuine_site_0/genuine_facebook.comalexander.gaden_2167.png
2bf3f0335c219da153b711a9328489928e63fd71c821687610f1498cfc9b18c6,legitimate,genuine_facebook.comdavidbraleysportsmed,screenshots/genuine_site_0/genuine_facebook.comdavidbraleysportsmed_229.png
2bf3f0335c219da153b711a9328489928e63fd71c821687610f1498cfc9b18c6,legitimate,genuine_facebook.comfkulan,screenshots/genuine_site_0/genuine_facebook.comfkulan_2739.png
2bf3f0335c219da153b711a9328489928e63fd71c821687610f1498cfc9b18c6,legitimate,genuine_facebook.comlorenzo.lynch,screenshots/genuine_site_0/genuine_facebook.comlorenzo.lynch_2556.png
f4a65ca691bc9eb197e3bdcc769761820d7664741575fc9bae8b7da4520d1b22,legitimate,genuine_ringdivashop.comcatalogproduct_info.php,screenshots/genuine_site_0/genuine_ringdivashop.comcatalogproduct_info.php_91.png
2ba219949add7778f067387d519cbd8b3f6e73a2f0509230a74534f661d2a239,legitimate,genuine_facebook.compeoplescott-whitaker544449348,screenshots/genuine_site_0/genuine_facebook.compeopleScott-Whitaker544449348_1926.png
2ba219949add7778f067387d519cbd8b3f6e73a2f0509230a74534f661d2a239,legitimate,genuine_facebook.compagesdisney-xd-canada212810975402779,screenshots/genuine_site_0/genuine_facebook.compagesDisney-XD-Canada212810975402779_955.png
2ba219949add7778f067387d519cbd8b3f6e73a2f0509230a74534f661d2a239,legitimate,genuine_facebook.compeoplekaven-mathieu600401405,screenshots/genuine_site_0/genuine_facebook.compeopleKaven-Mathieu600401405_817.png
2ba219949add7778f067387d519cbd8b3f6e73a2f0509230a74534f661d2a239,legitimate,genuine_facebook.compagesalex-toth23647184212,screenshots/genuine_site_0/genuine_facebook.compagesAlex-Toth23647184212_2341.png
2ba219949add7778f067387d519cbd8b3f6e73a2f0509230a74534f661d2a239,legitimate,genuine_facebook.compageskshb-tv111789208837172,screenshots/genuine_site_0/genuine_facebook.compagesKSHB-TV111789208837172_651.png
2ba219949add7778f067387d519cbd8b3f6e73a2f0509230a74534f661d2a239,legitimate,genuine_facebook.compagesjean-luc-grand-pierre184698779352,screenshots/genuine_site_0/genuine_facebook.compagesJean-Luc-Grand-Pierre184698779352_2699.png
2ba219949add7778f067387d519cbd8b3f6e73a2f0509230a74534f661d2a239,legitimate,genuine_facebook.compeopledavid-meagher1544959165,screenshots/genuine_site_0/genuine_facebook.compeopleDavid-Meagher1544959165_1923.png
635a9d726b705949f3e406741b6c09a2a02dc3bfb27b15262d8f6988c3739e51,legitimate,genuine_fandango.comlorisaundersfilmographyp63286,screenshots/genuine_site_0/genuine_fandango.comlorisaundersfilmographyp63286_230.png
635a9d726b705949f3e406741b6c09a2a02dc3bfb27b15262d8f6988c3739e51,legitimate,genuine_fandango.comjohncolicosfilmographyp14139,screenshots/genuine_site_0/genuine_fandango.comjohncolicosfilmographyp14139_2658.png
635a9d726b705949f3e406741b6c09a2a02dc3bfb27b15262d8f6988c3739e51,legitimate,genuine_fandango.comlilytomlinfilmographyp114336,screenshots/genuine_site_0/genuine_fandango.comlilytomlinfilmographyp114336_1915.png
1d31d3e0dac396c928db38e263a01e8779488f73188b1aa53d13487ac67488a8,legitimate,genuine_wn.comfrederick_todd,screenshots/genuine_site_0/genuine_wn.comFrederick_Todd_2701.png
1d31d3e0dac396c928db38e263a01e8779488f73188b1aa53d13487ac67488a8,legitimate,genuine_wn.comjapan_airlines_commercial,screenshots/genuine_site_0/genuine_wn.comJapan_Airlines_Commercial_1045.png
1d31d3e0dac396c928db38e263a01e8779488f73188b1aa53d13487ac67488a8,legitimate,genuine_wn.combetty_grable,screenshots/genuine_site_0/genuine_wn.comBetty_Grable_2894.png
58f0057869376abed3944486ab963a809e4382c6fd72436ba53d00c15bfff5b8,legitimate,genuine_facebook.compaulinefaucillionjulienlozier,screenshots/genuine_site_0/genuine_facebook.comPaulinefaucillionjulienlozier_344.png
58f0057869376abed3944486ab963a809e4382c6fd72436ba53d00c15bfff5b8,legitimate,genuine_facebook.combetsnowden,screenshots/genuine_site_0/genuine_facebook.comBetsnowden_424.png
58f0057869376abed3944486ab963a809e4382c6fd72436ba53d00c15bfff5b8,legitimate,genuine_facebook.comguy.hemmings,screenshots/genuine_site_0/genuine_facebook.comguy.hemmings_1764.png
58f0057869376abed3944486ab963a809e4382c6fd72436ba53d00c15bfff5b8,legitimate,genuine_jonbarry.co.uk,screenshots/genuine_site_0/genuine_jonbarry.co.uk_999.png
501f9cc60b13ee1f5895c30a36140d6a2ea70ddb08d2fb73f01a9bbd2dbdd24a,legitimate,genuine_tvrage.compersonid-27394mahershalalhashbazali,screenshots/genuine_site_0/genuine_tvrage.compersonid-27394MahershalalhashbazAli_2308.png
501f9cc60b13ee1f5895c30a36140d6a2ea70ddb08d2fb73f01a9bbd2dbdd24a,legitimate,genuine_www.tir.co.uk_servs_render.html,screenshots/genuine_site_0/genuine_www.tir.co.uk_servs_render.html_27.png
501f9cc60b13ee1f5895c30a36140d6a2ea70ddb08d2fb73f01a9bbd2dbdd24a,legitimate,genuine_english.turkcebilgi.comaustraliangrandprix,screenshots/genuine_site_0/genuine_english.turkcebilgi.comAustralianGrandPrix_1938.png
501f9cc60b13ee1f5895c30a36140d6a2ea70ddb08d2fb73f01a9bbd2dbdd24a,legitimate,genuine_allwwewrestlers.combuddy_rogers.htm,screenshots/genuine_site_0/genuine_allwwewrestlers.combuddy_rogers.htm_995.png
501f9cc60b13ee1f5895c30a36140d6a2ea70ddb08d2fb73f01a9bbd2dbdd24a,legitimate,genuine_english.turkcebilgi.comclaudejulienicehockey,screenshots/genuine_site_0/genuine_english.turkcebilgi.comClaudeJulienicehockey_1894.png
501f9cc60b13ee1f5895c30a36140d6a2ea70ddb08d2fb73f01a9bbd2dbdd24a,legitimate,genuine_helsinki.fivholmberantiolympiainaogcs.html,screenshots/genuine_site_0/genuine_helsinki.fivholmberantiolympiainaogcs.html_453.png
501f9cc60b13ee1f5895c30a36140d6a2ea70ddb08d2fb73f01a9bbd2dbdd24a,legitimate,genuine_heavymetal.about.comb20080522guitarist-michelle-meldrum-passes-away.htm,screenshots/genuine_site_0/genuine_heavymetal.about.comb20080522guitarist-michelle-meldrum-passes-away.htm_1954.png
501f9cc60b13ee1f5895c30a36140d6a2ea70ddb08d2fb73f01a9bbd2dbdd24a,legitimate,genuine_www.dsi.unive.itavi2006,screenshots/genuine_site_0/genuine_www.dsi.unive.itavi2006_2071.png
501f9cc60b13ee1f5895c30a36140d6a2ea70ddb08d2fb73f01a9bbd2dbdd24a,legitimate,genuine_movies.about.comodtheconstantgardeneragardener083005.htm,screenshots/genuine_site_0/genuine_movies.about.comodtheconstantgardeneragardener083005.htm_2987.png
501f9cc60b13ee1f5895c30a36140d6a2ea70ddb08d2fb73f01a9bbd2dbdd24a,phishing,phishing_www.stadtbetriebe-ahrensburg.decontentstadtbetriebeimagescvswwwwww.paypal.co.ukl,screenshots/phishing_site_1/phishing_www.stadtbetriebe-ahrensburg.decontentstadtbetriebeimagesCVSwwwwww.paypal.co.ukl_2552.png
501f9cc60b13ee1f5895c30a36140d6a2ea70ddb08d2fb73f01a9bbd2dbdd24a,phishing,phishing_www.clicktrend-media.comwp-contentthemesstrikingcacheimages,screenshots/phishing_site_1/phishing_www.clicktrend-media.comwp-contentthemesstrikingcacheimages_816.png
501f9cc60b13ee1f5895c30a36140d6a2ea70ddb08d2fb73f01a9bbd2dbdd24a,phishing,phishing_jmlettering.com094mfiejr93jibrsantander.van.gogcliente-santander-atualizacaoativ,screenshots/phishing_site_1/phishing_jmlettering.com094mfiejr93jibrSANTANDER.VAN.GOGCLIENTE-SANTANDER-ATUALIZACAOATIV_2889.png
501f9cc60b13ee1f5895c30a36140d6a2ea70ddb08d2fb73f01a9bbd2dbdd24a,phishing,phishing_www.zaccariapietro.itwp-contentthemesamplus_v1.6functionscachebrichetadolanescu.,screenshots/phishing_site_1/phishing_www.zaccariapietro.itwp-contentthemesamplus_v1.6functionscachebrichetadolanescu._1952.png
501f9cc60b13ee1f5895c30a36140d6a2ea70ddb08d2fb73f01a9bbd2dbdd24a,phishing,phishing_hjartholm.noblogwp-includesjsbookmarkindex.php,screenshots/phishing_site_1/phishing_hjartholm.noblogwp-includesjsbookmarkindex.php_148.png
501f9cc60b13ee1f5895c30a36140d6a2ea70ddb08d2fb73f01a9bbd2dbdd24a,phishing,phishing_faiyazahmed.cominddex.html,screenshots/phishing_site_1/phishing_faiyazahmed.cominddex.html_487.png
a176b3ca188538338060bb56c59ad9a9406381700d56cecd4ed7a0f0e7f8142f,legitimate,genuine_youtube.comwatch,screenshots/genuine_site_0/genuine_youtube.comwatch_1231.png
a176b3ca188538338060bb56c59ad9a9406381700d56cecd4ed7a0f0e7f8142f,legitimate,genuine_youtube.comwatch,screenshots/genuine_site_0/genuine_youtube.comwatch_1219.png
a176b3ca188538338060bb56c59ad9a9406381700d56cecd4ed7a0f0e7f8142f,legitimate,genuine_youtube.comwatch,screenshots/genuine_site_0/genuine_youtube.comwatch_1710.png
a176b3ca188538338060bb56c59ad9a9406381700d56cecd4ed7a0f0e7f8142f,legitimate,genuine_youtube.comwatch,screenshots/genuine_site_0/genuine_youtube.comwatch_1124.png
a176b3ca188538338060bb56c59ad9a9406381700d56cecd4ed7a0f0e7f8142f,legitimate,genuine_youtube.comwatch,screenshots/genuine_site_0/genuine_youtube.comwatch_882.png
a176b3ca188538338060bb56c59ad9a9406381700d56cecd4ed7a0f0e7f8142f,legitimate,genuine_youtube.comwatch,screenshots/genuine_site_0/genuine_youtube.comwatch_234.png
a176b3ca188538338060bb56c59ad9a9406381700d56cecd4ed7a0f0e7f8142f,legitimate,genuine_youtube.comwatch,screenshots/genuine_site_0/genuine_youtube.comwatch_542.png
a176b3ca188538338060bb56c59ad9a9406381700d56cecd4ed7a0f0e7f8142f,legitimate,genuine_youtube.comwatch,screenshots/genuine_site_0/genuine_youtube.comwatch_1080.png
a176b3ca188538338060bb56c59ad9a9406381700d56cecd4ed7a0f0e7f8142f,legitimate,genuine_youtube.comwatch,screenshots/genuine_site_0/genuine_youtube.comwatch_2865.png
a2f9def06d3bd95070e3c32e0615925979afff25a0176cfb5d0c5d6b3b61bc48,legitimate,genuine_linkedin.compubrobic-joel2a05664,screenshots/genuine_site_0/genuine_linkedin.compubrobic-joel2a05664_61.png
a2f9def06d3bd95070e3c32e0615925979afff25a0176cfb5d0c5d6b3b61bc48,legitimate,genuine_linkedin.compubtodd-hoppe1934507,screenshots/genuine_site_0/genuine_linkedin.compubtodd-hoppe1934507_2171.png
a2f9def06d3bd95070e3c32e0615925979afff25a0176cfb5d0c5d6b3b61bc48,legitimate,genuine_linkedin.compubjean-pierre-dorion23839b14,screenshots/genuine_site_0/genuine_linkedin.compubjean-pierre-dorion23839b14_1294.png
a2f9def06d3bd95070e3c32e0615925979afff25a0176cfb5d0c5d6b3b61bc48,legitimate,genuine_linkedin.compubchris-cannizzaro69713a9,screenshots/genuine_site_0/genuine_linkedin.compubchris-cannizzaro69713a9_1543.png
a2f9def06d3bd95070e3c32e0615925979afff25a0176cfb5d0c5d6b3b61bc48,legitimate,genuine_za.linkedin.compubadam-kane-smith8490358,screenshots/genuine_site_0/genuine_za.linkedin.compubadam-kane-smith8490358_2153.png
a2f9def06d3bd95070e3c32e0615925979afff25a0176cfb5d0c5d6b3b61bc48,legitimate,genuine_linkedin.cominharoldfisher,screenshots/genuine_site_0/genuine_linkedin.cominharoldfisher_871.png
a2f9def06d3bd95070e3c32e0615925979afff25a0176cfb5d0c5d6b3b61bc48,legitimate,genuine_linkedin.comdirectorypeoplebudd-2.html,screenshots/genuine_site_0/genuine_linkedin.comdirectorypeoplebudd-2.html_1467.png
a2f9def06d3bd95070e3c32e0615925979afff25a0176cfb5d0c5d6b3b61bc48,legitimate,genuine_linkedin.compubpierre-gauthier96889a7,screenshots/genuine_site_0/genuine_linkedin.compubpierre-gauthier96889a7_2334.png
a2f9def06d3bd95070e3c32e0615925979afff25a0176cfb5d0c5d6b3b61bc48,legitimate,genuine_linkedin.cominjuliamontgomery,screenshots/genuine_site_0/genuine_linkedin.cominjuliamontgomery_2527.png
a2f9def06d3bd95070e3c32e0615925979afff25a0176cfb5d0c5d6b3b61bc48,legitimate,genuine_ca.linkedin.compubpatrick-lamy-mba18571a76,screenshots/genuine_site_0/genuine_ca.linkedin.compubpatrick-lamy-mba18571a76_518.png
cb405b7786929fad67c7a06748015d57326ac9c51f3e302f45a096a568621e51,legitimate,genuine_goaliesarchive.comcanadiensindexmcneil.html,screenshots/genuine_site_0/genuine_goaliesarchive.comcanadiensindexmcneil.html_1735.png
cb405b7786929fad67c7a06748015d57326ac9c51f3e302f45a096a568621e51,legitimate,genuine_usshipstore.comshipnames.htm,screenshots/genuine_site_0/genuine_usshipstore.comshipnames.htm_284.png
cb405b7786929fad67c7a06748015d57326ac9c51f3e302f45a096a568621e51,legitimate,genuine_www.erikveen.dds.nlruby.html,screenshots/genuine_site_0/genuine_www.erikveen.dds.nlruby.html_1741.png
cb405b7786929fad67c7a06748015d57326ac9c51f3e302f45a096a568621e51,legitimate,genuine_jameswells.netklassmodeler,screenshots/genuine_site_0/genuine_jameswells.netKlassModeler_1573.png
cb405b7786929fad67c7a06748015d57326ac9c51f3e302f45a096a568621e51,legitimate,genuine_www.cancellieri.orgpictoscope_index.htm,screenshots/genuine_site_0/genuine_www.cancellieri.orgpictoscope_index.htm_2932.png
cb405b7786929fad67c7a06748015d57326ac9c51f3e302f45a096a568621e51,legitimate,genuine_outlar.comartist.php,screenshots/genuine_site_0/genuine_outlar.comartist.php_2215.png
cb405b7786929fad67c7a06748015d57326ac9c51f3e302f45a096a568621e51,phishing,phishing_essenciadoequilibrio.netslfhspe,screenshots/phishing_site_1/phishing_essenciadoequilibrio.netslfhspe_2635.png
cb405b7786929fad67c7a06748015d57326ac9c51f3e302f45a096a568621e51,phishing,phishing_denizlideevdenevenakliyat.comdocumentplatformfile_doc.php,screenshots/phishing_site_1/phishing_denizlideevdenevenakliyat.comdocumentplatformfile_doc.php_2351.png
cb405b7786929fad67c7a06748015d57326ac9c51f3e302f45a096a568621e51,phishing,phishing_tualimpa.ptbrowsecp.php,screenshots/phishing_site_1/phishing_tualimpa.ptbrowsecp.php_472.png
cb405b7786929fad67c7a06748015d57326ac9c51f3e302f45a096a568621e51,phishing,phishing_forearth.com.audocsmedia,screenshots/phishing_site_1/phishing_forearth.com.audocsmedia_2059.png
cb405b7786929fad67c7a06748015d57326ac9c51f3e302f45a096a568621e51,phishing,phishing_fsmsigorta.comdonfroshindex.html,screenshots/phishing_site_1/phishing_fsmsigorta.comdonfroshindex.html_132.png
cb405b7786929fad67c7a06748015d57326ac9c51f3e302f45a096a568621e51,phishing,phishing_avestaautoprofile.combbsmessages,screenshots/phishing_site_1/phishing_avestaautoprofile.combbsmessages_2681.png
cb405b7786929fad67c7a06748015d57326ac9c51f3e302f45a096a568621e51,phishing,phishing_www.conciencia.clskininstallpanel,screenshots/phishing_site_1/phishing_www.conciencia.clskininstallPanel_1385.png
cb405b7786929fad67c7a06748015d57326ac9c51f3e302f45a096a568621e51,phishing,phishing_tribox.jpmailwebscr.php,screenshots/phishing_site_1/phishing_tribox.jpmailwebscr.php_1689.png
cb405b7786929fad67c7a06748015d57326ac9c51f3e302f45a096a568621e51,phishing,phishing_paronleather.comvqp0onp,screenshots/phishing_site_1/phishing_paronleather.comvqp0onp_1251.png
cb405b7786929fad67c7a06748015d57326ac9c51f3e302f45a096a568621e51,phishing,phishing_jamesm.co.uk78yhuinfys,screenshots/phishing_site_1/phishing_jamesm.co.uk78yhuinFYs_2805.png
cb405b7786929fad67c7a06748015d57326ac9c51f3e302f45a096a568621e51,phishing,phishing_pavostore.comimagescategoriesuiwebmailyahoomailyahooyahoomail.html,screenshots/phishing_site_1/phishing_pavostore.comimagescategoriesuiwebmailyahoomailyahooyahoomail.html_1151.png
cb405b7786929fad67c7a06748015d57326ac9c51f3e302f45a096a568621e51,phishing,phishing_systemrma.pllumigwma,screenshots/phishing_site_1/phishing_systemrma.pllumigwma_1098.png
cb405b7786929fad67c7a06748015d57326ac9c51f3e302f45a096a568621e51,phishing,phishing_urbanpro.clachivementdocgoogledoc,screenshots/phishing_site_1/phishing_urbanpro.clachivementdocGoogledoc_71.png
cb405b7786929fad67c7a06748015d57326ac9c51f3e302f45a096a568621e51,phishing,phishing_zapfm.nlohn902b,screenshots/phishing_site_1/phishing_zapfm.nlohn902b_2134.png
cb405b7786929fad67c7a06748015d57326ac9c51f3e302f45a096a568621e51,phishing,phishing_box754.bluehost.commediabouincludesdatabaseupdmppsignin,screenshots/phishing_site_1/phishing_box754.bluehost.commediabouincludesdatabaseupdmppsignin_1287.png
cb405b7786929fad67c7a06748015d57326ac9c51f3e302f45a096a568621e51,phishing,phishing_webcyte.orgdcyu9c,screenshots/phishing_site_1/phishing_webcyte.orgdcyu9c_2541.png
cb405b7786929fad67c7a06748015d57326ac9c51f3e302f45a096a568621e51,phishing,phishing_jamesm.co.ukyiow3jsm,screenshots/phishing_site_1/phishing_jamesm.co.ukyiow3jsm_2180.png
cb405b7786929fad67c7a06748015d57326ac9c51f3e302f45a096a568621e51,phishing,phishing_logicbuilding.comjm0g0zae,screenshots/phishing_site_1/phishing_logicbuilding.comjm0g0zae_1104.png
cb405b7786929fad67c7a06748015d57326ac9c51f3e302f45a096a568621e51,phishing,phishing_mesautos.netarcharcharchive,screenshots/phishing_site_1/phishing_mesautos.netArchArchArchive_2176.png
cb405b7786929fad67c7a06748015d57326ac9c51f3e302f45a096a568621e51,phishing,phishing_visbymaklarna.seknby545,screenshots/phishing_site_1/phishing_visbymaklarna.seknby545_49.png
cb405b7786929fad67c7a06748015d57326ac9c51f3e302f45a096a568621e51,phishing,phishing_kiperonline.comtekkencp.php,screenshots/phishing_site_1/phishing_kiperonline.comtekkencp.php_2840.png
cb405b7786929fad67c7a06748015d57326ac9c51f3e302f45a096a568621e51,phishing,phishing_quintadaconchada.comyouview,screenshots/phishing_site_1/phishing_quintadaconchada.comyouview_721.png
cb405b7786929fad67c7a06748015d57326ac9c51f3e302f45a096a568621e51,phishing,phishing_rodaltek.com.brmaildropboxdropbox,screenshots/phishing_site_1/phishing_rodaltek.com.brmailDropboxdropbox_265.png
cb405b7786929fad67c7a06748015d57326ac9c51f3e302f45a096a568621e51,phishing,phishing_www.pspmrsmag.com874ghv3,screenshots/phishing_site_1/phishing_www.pspmrsmag.com874ghv3_974.png
cb405b7786929fad67c7a06748015d57326ac9c51f3e302f45a096a568621e51,phishing,phishing_www.cajetaslugo.comkayabestsysnot521499359863zipbillingonholdaccountid1549873219,screenshots/phishing_site_1/phishing_www.cajetaslugo.comkayabestsysnot521499359863zipbillingonholdaccountid1549873219_1566.png
cb405b7786929fad67c7a06748015d57326ac9c51f3e302f45a096a568621e51,phishing,phishing_intropitch.com1.bin,screenshots/phishing_site_1/phishing_intropitch.com1.bin_1167.png
cb405b7786929fad67c7a06748015d57326ac9c51f3e302f45a096a568621e51,phishing,phishing_cornmasaflour.comzy1ebvhpf9pe4jlu5ut3hiw0y.php,screenshots/phishing_site_1/phishing_cornmasaflour.comZy1ebvhpF9pe4jLu5UT3HIW0y.php_2609.png
cb405b7786929fad67c7a06748015d57326ac9c51f3e302f45a096a568621e51,phishing,phishing_serviciospyme.clwp-contentthemesredifyremaxindex.htm,screenshots/phishing_site_1/phishing_serviciospyme.clwp-contentthemesredifyremaxindex.htm_338.png
cb405b7786929fad67c7a06748015d57326ac9c51f3e302f45a096a568621e51,phishing,phishing_techsilicon.com8g74crec,screenshots/phishing_site_1/phishing_techsilicon.com8g74crec_394.png
cb405b7786929fad67c7a06748015d57326ac9c51f3e302f45a096a568621e51,phishing,phishing_nortagem.clzinnawwyesauthviewdocument,screenshots/phishing_site_1/phishing_nortagem.clzinnawwyesauthviewdocument_1260.png
919e91e1eb7421620b7d21b2bfdb9cd8049ef2f773aefcf5a4fd9b373a5031cc,legitimate,genuine_lead411.comjim_tobin_1206634.html,screenshots/genuine_site_0/genuine_lead411.comJim_Tobin_1206634.html_2816.png
d57dcd0b1d572fc784180c73d027a63a2098d0950f50fa783df481b9df91c63a,phishing,phishing_asenergy.infile1document-word-space-drivefilewords,screenshots/phishing_site_1/phishing_asenergy.infile1document-word-space-drivefilewords_346.png
a7e32be508eb663dc9b557d2c99adbe41385b5f62a692bb2edbdb83ec85383df,legitimate,genuine_streamingthe.netckgm-990-am-sports-radio-the-team-990-montreal-quebecp2318,screenshots/genuine_site_0/genuine_streamingthe.netCKGM-990-AM-Sports-Radio-The-Team-990-Montreal-Quebecp2318_2331.png
a7e32be508eb663dc9b557d2c99adbe41385b5f62a692bb2edbdb83ec85383df,legitimate,genuine_headhuntershair.comsherryrobertson.html,screenshots/genuine_site_0/genuine_headhuntershair.comSherryRobertson.html_2245.png
a7e32be508eb663dc9b557d2c99adbe41385b5f62a692bb2edbdb83ec85383df,legitimate,genuine_airpixbycaz.co.ukcazsiteaviationairlinescalp02calp214.html,screenshots/genuine_site_0/genuine_airpixbycaz.co.ukcazsiteaviationairlinescalp02calp214.html_808.png
a7e32be508eb663dc9b557d2c99adbe41385b5f62a692bb2edbdb83ec85383df,legitimate,genuine_tanjawilde.ifunnyblog.com,screenshots/genuine_site_0/genuine_tanjawilde.ifunnyblog.com_398.png
a7e32be508eb663dc9b557d2c99adbe41385b5f62a692bb2edbdb83ec85383df,legitimate,genuine_thefilmwall.comserge-gainsbourg-vie-heroique-2010,screenshots/genuine_site_0/genuine_thefilmwall.comserge-gainsbourg-vie-heroique-2010_621.png
a7e32be508eb663dc9b557d2c99adbe41385b5f62a692bb2edbdb83ec85383df,legitimate,genuine_countynewslive.comcontent2011aug05all-aboard-missouri-state-fair-amtrak-says-it-,screenshots/genuine_site_0/genuine_countynewslive.comcontent2011aug05all-aboard-missouri-state-fair-amtrak-says-it-_1163.png
a7e32be508eb663dc9b557d2c99adbe41385b5f62a692bb2edbdb83ec85383df,legitimate,genuine_www.towodo.comproductsfloppyimage,screenshots/genuine_site_0/genuine_www.towodo.comproductsfloppyimage_2189.png
a7e32be508eb663dc9b557d2c99adbe41385b5f62a692bb2edbdb83ec85383df,legitimate,genuine_ihkm.com,screenshots/genuine_site_0/genuine_ihkm.com_773.png
a7e32be508eb663dc9b557d2c99adbe41385b5f62a692bb2edbdb83ec85383df,legitimate,genuine_www.smarttv.inrssnew,screenshots/genuine_site_0/genuine_www.smarttv.inrssnew_588.png
a7e32be508eb663dc9b557d2c99adbe41385b5f62a692bb2edbdb83ec85383df,phishing,phishing_automateinternetmarketing.comserviceservicepath6n349g2t8zr5ctyn3hw5sir,screenshots/phishing_site_1/phishing_automateinternetmarketing.comserviceservicePath6N349g2t8ZR5ctyn3hw5sIr_1758.png
a7e32be508eb663dc9b557d2c99adbe41385b5f62a692bb2edbdb83ec85383df,phishing,phishing_bazurashop.comidex.html,screenshots/phishing_site_1/phishing_bazurashop.comidex.html_0.png
a7e32be508eb663dc9b557d2c99adbe41385b5f62a692bb2edbdb83ec85383df,phishing,phishing_tapasplus.co.ukwp-includestextdiffengineadobe20new,screenshots/phishing_site_1/phishing_tapasplus.co.ukwp-includesTextDiffEngineADOBE20NEW_1142.png
a07de6ee6c921df474cb2ce43e549091d9b98337f4f1e376d84d326418200c2d,legitimate,genuine_amazon.comdisney-baby-winnie-musical-mobiledpb0014buqlw,screenshots/genuine_site_0/genuine_amazon.comDisney-Baby-Winnie-Musical-MobiledpB0014BUQLW_700.png
a07de6ee6c921df474cb2ce43e549091d9b98337f4f1e376d84d326418200c2d,legitimate,genuine_amazon.comopera-souvenirs-emma-albanidpb00014k596,screenshots/genuine_site_0/genuine_amazon.comOpera-Souvenirs-Emma-AlbanidpB00014K596_1261.png
e831ce4653fa90b303e11c1cafcecb020b87ff1654b2040480e8a6114aaae99d,legitimate,genuine_123people.comawayneedwards,screenshots/genuine_site_0/genuine_123people.comawayneedwards_2546.png
e831ce4653fa90b303e11c1cafcecb020b87ff1654b2040480e8a6114aaae99d,legitimate,genuine_123people.comcpaulleger,screenshots/genuine_site_0/genuine_123people.comcpaulleger_2913.png
e831ce4653fa90b303e11c1cafcecb020b87ff1654b2040480e8a6114aaae99d,legitimate,genuine_123people.comsshootybabbitt,screenshots/genuine_site_0/genuine_123people.comsshootybabbitt_1981.png
e831ce4653fa90b303e11c1cafcecb020b87ff1654b2040480e8a6114aaae99d,legitimate,genuine_123people.comcpaullesage,screenshots/genuine_site_0/genuine_123people.comcpaullesage_364.png
e831ce4653fa90b303e11c1cafcecb020b87ff1654b2040480e8a6114aaae99d,legitimate,genuine_123people.comslouischarlene,screenshots/genuine_site_0/genuine_123people.comslouischarlene_414.png
e831ce4653fa90b303e11c1cafcecb020b87ff1654b2040480e8a6114aaae99d,legitimate,genuine_123people.comslauriefontaine,screenshots/genuine_site_0/genuine_123people.comslauriefontaine_1302.png
e831ce4653fa90b303e11c1cafcecb020b87ff1654b2040480e8a6114aaae99d,legitimate,genuine_123people.comsbillshorey,screenshots/genuine_site_0/genuine_123people.comsbillshorey_141.png
e831ce4653fa90b303e11c1cafcecb020b87ff1654b2040480e8a6114aaae99d,legitimate,genuine_123people.comsstephanieberube,screenshots/genuine_site_0/genuine_123people.comsstephanieberube_2640.png
e831ce4653fa90b303e11c1cafcecb020b87ff1654b2040480e8a6114aaae99d,legitimate,genuine_123people.comsfrancoisbailly,screenshots/genuine_site_0/genuine_123people.comsfrancoisbailly_1254.png
b706c2a94020d29fa7403736c382832ba99c797f1c4c268df41879ccef4d1f97,phishing,fsmsigorta.com,screenshots/phishing_site_1/fsmsigorta.com_132.png
b706c2a94020d29fa7403736c382832ba99c797f1c4c268df41879ccef4d1f97,phishing,rodaltek.com.br,screenshots/phishing_site_1/rodaltek.com.br_265.png
b706c2a94020d29fa7403736c382832ba99c797f1c4c268df41879ccef4d1f97,phishing,urbanpro.cl,screenshots/phishing_site_1/urbanpro.cl_71.png
b706c2a94020d29fa7403736c382832ba99c797f1c4c268df41879ccef4d1f97,phishing,visbymaklarna.se,screenshots/phishing_site_1/visbymaklarna.se_49.png
3b3dcd9dc34e9a13e482f4eae2fdc98197f2453b851cf09b1d074cb2246bf8f3,legitimate,genuine_castingcallpro.comukview.php,screenshots/genuine_site_0/genuine_castingcallpro.comukview.php_2507.png
b08ee1c0625936d006ed63adc8f9ca53bc2c59e063d487626ec4166899695b48,legitimate,genuine_associatedcontent.comarticle244564why_giant_monster_movies_dont_scare.html,screenshots/genuine_site_0/genuine_associatedcontent.comarticle244564why_giant_monster_movies_dont_scare.html_1904.png
b08ee1c0625936d006ed63adc8f9ca53bc2c59e063d487626ec4166899695b48,legitimate,genuine_associatedcontent.comarticle2296673texasoklahoma_football_game_2009_game.html,screenshots/genuine_site_0/genuine_associatedcontent.comarticle2296673texasoklahoma_football_game_2009_game.html_1029.png
b08ee1c0625936d006ed63adc8f9ca53bc2c59e063d487626ec4166899695b48,legitimate,genuine_associatedcontent.comarticle5448806largest_cities_in_pennsylvania_2011.html,screenshots/genuine_site_0/genuine_associatedcontent.comarticle5448806largest_cities_in_pennsylvania_2011.html_717.png
473155fd5267b6a1dea5cb9232670cf6a5bcbbd270ab07ae4d8d37f4a7f8a03a,legitimate,genuine_ca.linkedin.compubwayne-nelsonb136169,screenshots/genuine_site_0/genuine_ca.linkedin.compubwayne-nelsonb136169_584.png
473155fd5267b6a1dea5cb9232670cf6a5bcbbd270ab07ae4d8d37f4a7f8a03a,legitimate,genuine_linkedin.comdirectorypeoplesc-2.html,screenshots/genuine_site_0/genuine_linkedin.comdirectorypeoplesc-2.html_1370.png
76e2dbb129d837d6a249af6bf8a7eda15366b1b7a9e1b75cd8ffee52e36dae0e,legitimate,genuine_freebase.comviewenjoannie_rochette,screenshots/genuine_site_0/genuine_freebase.comviewenjoannie_rochette_1790.png
76e2dbb129d837d6a249af6bf8a7eda15366b1b7a9e1b75cd8ffee52e36dae0e,legitimate,genuine_freebase.comviewenkeith_wayne_1942,screenshots/genuine_site_0/genuine_freebase.comviewenkeith_wayne_1942_1592.png
76e2dbb129d837d6a249af6bf8a7eda15366b1b7a9e1b75cd8ffee52e36dae0e,legitimate,genuine_freebase.comviewenstarrucca_viaduct,screenshots/genuine_site_0/genuine_freebase.comviewenstarrucca_viaduct_282.png
76e2dbb129d837d6a249af6bf8a7eda15366b1b7a9e1b75cd8ffee52e36dae0e,legitimate,genuine_freebase.comviewenmarcelo_zarvos,screenshots/genuine_site_0/genuine_freebase.comviewenmarcelo_zarvos_145.png
c8b6570e37a29a8e4ffe0956360dc24ae9c34b343782c61fbd1dc2b13b642a79,legitimate,genuine_torrentreactor.nettorrents1629518hope-sandoval-amp3b-the-warm-inventions-bavaria,screenshots/genuine_site_0/genuine_torrentreactor.nettorrents1629518Hope-Sandoval-amp3B-The-Warm-Inventions-Bavaria_39.png
c8b6570e37a29a8e4ffe0956360dc24ae9c34b343782c61fbd1dc2b13b642a79,legitimate,genuine_torrentreactor.netsearch.php,screenshots/genuine_site_0/genuine_torrentreactor.netsearch.php_2584.png
7976845db416d5532b8b2d76ae4939896e896b97aabe2991aa159724406ea72a,phishing,cnajs.com,screenshots/phishing_site_1/cnajs.com_44.png
bb63433cc09b92513749e2729c212d59217fc031f43e9e1282b403ac9c4834cb,phishing,phishing_adepalma.comnewll.html,screenshots/phishing_site_1/phishing_adepalma.comnewll.html_697.png
7037c9600d681491b070b7bb7279d02d73cafe6c29c15ab5a7fd8677cb730815,legitimate,genuine_chesnay.homestead.comfileschesnaye-op87.htm,screenshots/genuine_site_0/genuine_chesnay.homestead.comfilesChesnayE-op87.htm_1351.png
1ae9d27c4865b47dbe9c060b4059b21018775a22430e90207c35ff440aa899a9,legitimate,genuine_ca.ratemyteachers.comloyola-high-school36738-s,screenshots/genuine_site_0/genuine_ca.ratemyteachers.comloyola-high-school36738-s_2975.png
2c8e62cac00e4100d55310d320f872e14bc95be073d4a6582b42456c4c746167,legitimate,genuine_people.famouswhy.comqueenie_watts,screenshots/genuine_site_0/genuine_people.famouswhy.comqueenie_watts_635.png
2c8e62cac00e4100d55310d320f872e14bc95be073d4a6582b42456c4c746167,legitimate,genuine_people.famouswhy.comclint_howard,screenshots/genuine_site_0/genuine_people.famouswhy.comclint_howard_2069.png
2c8e62cac00e4100d55310d320f872e14bc95be073d4a6582b42456c4c746167,legitimate,genuine_people.famouswhy.comdorothy_parker,screenshots/genuine_site_0/genuine_people.famouswhy.comdorothy_parker_2263.png
4da67d1653c0bb5b9c4b33e7c68f3620ec02d5e41b05f389707c0396f48eae7f,phishing,phishing_colleenthestylist.comtjdaf,screenshots/phishing_site_1/phishing_colleenthestylist.comtjdaf_596.png
4da67d1653c0bb5b9c4b33e7c68f3620ec02d5e41b05f389707c0396f48eae7f,phishing,phishing_colleenthestylist.comrdrfp,screenshots/phishing_site_1/phishing_colleenthestylist.comrdrfp_2795.png
2ba3fefbf8a31c8595a8222a67181e2f8bd5951a117ceb74d50edf48b05831fc,legitimate,genuine_itox.com,screenshots/genuine_site_0/genuine_itox.com_208.png
2ba3fefbf8a31c8595a8222a67181e2f8bd5951a117ceb74d50edf48b05831fc,phishing,phishing_www.threshold-online.co.ukg76gyui,screenshots/phishing_site_1/phishing_www.threshold-online.co.ukg76gyui_1526.png
2ba3fefbf8a31c8595a8222a67181e2f8bd5951a117ceb74d50edf48b05831fc,phishing,phishing_beatonbeatwizard.comwp-inludesindex-page-gdocccindex.php,screenshots/phishing_site_1/phishing_beatonbeatwizard.comwp-inludesindex-page-Gdocccindex.php_1220.png
e8733c016e2d0fcd4048047854398b486937ac13b0506ddd8a444d313c06809a,legitimate,genuine_onlineworldofwrestling.comprofilesjjonathan-coachman.html,screenshots/genuine_site_0/genuine_onlineworldofwrestling.comprofilesjjonathan-coachman.html_2763.png
85eaa68976eb0b58160f69f65215d940b1899abe10aa5192d534cb289d678a6e,legitimate,genuine_home.comcast.nettillekseaweyr,screenshots/genuine_site_0/genuine_home.comcast.nettillekseaweyr_2030.png
85eaa68976eb0b58160f69f65215d940b1899abe10aa5192d534cb289d678a6e,phishing,phishing_home.comcast.netkmbolinger,screenshots/phishing_site_1/phishing_home.comcast.netkmbolinger_2347.png
85eaa68976eb0b58160f69f65215d940b1899abe10aa5192d534cb289d678a6e,phishing,phishing_home.comcast.netholtz186encrypconfirmt4566789ijhvbnliosdvvbnukolk.html,screenshots/phishing_site_1/phishing_home.comcast.netholtz186encrypconfirmt4566789ijhvbnliosdvvbnukolk.html_735.png
85eaa68976eb0b58160f69f65215d940b1899abe10aa5192d534cb289d678a6e,phishing,phishing_home.comcast.netmartzdean453650344541fa3640b8dfba9cf6ea9.html,screenshots/phishing_site_1/phishing_home.comcast.netmartzdean453650344541fa3640b8dfba9cf6ea9.html_2832.png
85eaa68976eb0b58160f69f65215d940b1899abe10aa5192d534cb289d678a6e,phishing,phishing_home.comcast.netdavidreidy,screenshots/phishing_site_1/phishing_home.comcast.netDavidReidy_258.png
d07e9261d5894768aa1f2a5a035c3ea0e60a20403925a0a4007859d53b1c88d7,legitimate,genuine_photos.lucywho.coma-league-of-their-own-photos-t612041.html,screenshots/genuine_site_0/genuine_photos.lucywho.coma-league-of-their-own-photos-t612041.html_2586.png
d07e9261d5894768aa1f2a5a035c3ea0e60a20403925a0a4007859d53b1c88d7,phishing,phishing_xosothudo.com.vnpaypal.co.ilpaypal.co.il.cgi-bin.webscr.cmd-login-submitdispatch,screenshots/phishing_site_1/phishing_xosothudo.com.vnpaypal.co.ilpaypal.co.il.cgi-bin.webscr.cmd-login-submitdispatch_486.png
d07e9261d5894768aa1f2a5a035c3ea0e60a20403925a0a4007859d53b1c88d7,phishing,phishing_maycongtrinhduylong.com098tb,screenshots/phishing_site_1/phishing_maycongtrinhduylong.com098tb_1011.png
d07e9261d5894768aa1f2a5a035c3ea0e60a20403925a0a4007859d53b1c88d7,phishing,phishing_picass0.comrtlsign.php,screenshots/phishing_site_1/phishing_picass0.comrtlsign.php_227.png
d07e9261d5894768aa1f2a5a035c3ea0e60a20403925a0a4007859d53b1c88d7,phishing,phishing_www.pure.com.trlibindex.php,screenshots/phishing_site_1/phishing_www.pure.com.trlibindex.php_744.png
d07e9261d5894768aa1f2a5a035c3ea0e60a20403925a0a4007859d53b1c88d7,phishing,phishing_accsteamorigin.sells.com.uaakkauntyi-steamc1,screenshots/phishing_site_1/phishing_accsteamorigin.sells.com.uaakkauntyi-steamc1_2008.png
822d1839e6a2d0954059a0b4e10b8f4fd16ff282766952be74b1a491bf922846,legitimate,genuine_abodedublin.com,screenshots/genuine_site_0/genuine_abodedublin.com_122.png
89fe7497edc9411a937e2848bd9b16c8a12366ae41678ecc4612140e328cc36c,legitimate,genuine_thecanadianencyclopedia.comindex.cfm,screenshots/genuine_site_0/genuine_thecanadianencyclopedia.comindex.cfm_783.png
89fe7497edc9411a937e2848bd9b16c8a12366ae41678ecc4612140e328cc36c,legitimate,genuine_thecanadianencyclopedia.comindex.cfm,screenshots/genuine_site_0/genuine_thecanadianencyclopedia.comindex.cfm_546.png
6329075f223c2a37ca478cf3722e1b986a50775f1424c6202f5c628318e8cd77,legitimate,genuine_www.cs.waikato.ac.nzihwmg.html,screenshots/genuine_site_0/genuine_www.cs.waikato.ac.nzihwmg.html_667.png
6329075f223c2a37ca478cf3722e1b986a50775f1424c6202f5c628318e8cd77,legitimate,genuine_www.anu.edu.aupeopleroger.clarkeiicookies.html,screenshots/genuine_site_0/genuine_www.anu.edu.aupeopleRoger.ClarkeIICookies.html_1246.png
6329075f223c2a37ca478cf3722e1b986a50775f1424c6202f5c628318e8cd77,legitimate,genuine_btjunkie.orgtorrentcattle-decapitation-the-harvest-floor-240-kbps-vbr5712b57c25a,screenshots/genuine_site_0/genuine_btjunkie.orgtorrentCattle-Decapitation-The-Harvest-Floor-240-kbps-VBR5712b57c25a_1600.png
6329075f223c2a37ca478cf3722e1b986a50775f1424c6202f5c628318e8cd77,legitimate,genuine_btjunkie.orgtorrentrichard-pryor-live-on-the-sunset-strip-1982-dvdrip-xvid-int-4,screenshots/genuine_site_0/genuine_btjunkie.orgtorrentRichard-Pryor-Live-On-The-Sunset-Strip-1982-DVDRip-Xvid-iNT-4_909.png
6329075f223c2a37ca478cf3722e1b986a50775f1424c6202f5c628318e8cd77,phishing,phishing_1476510813.xiazaidown.comcx1606246qqgamehallv3.6.0.4152br_27459.exe,screenshots/phishing_site_1/phishing_1476510813.xiazaidown.comcx1606246qqgamehallv3.6.0.4152br_27459.exe_2949.png
6329075f223c2a37ca478cf3722e1b986a50775f1424c6202f5c628318e8cd77,phishing,phishing_www.tuhu.ccjs,screenshots/phishing_site_1/phishing_www.tuhu.ccjs_1867.png
6329075f223c2a37ca478cf3722e1b986a50775f1424c6202f5c628318e8cd77,phishing,phishing_cnajs.compicagatha20christiedropboxdropbox,screenshots/phishing_site_1/phishing_cnajs.compicAgatha20Christiedropboxdropbox_44.png
6329075f223c2a37ca478cf3722e1b986a50775f1424c6202f5c628318e8cd77,phishing,phishing_sky-express.rusekt5,screenshots/phishing_site_1/phishing_sky-express.rusekt5_799.png
6329075f223c2a37ca478cf3722e1b986a50775f1424c6202f5c628318e8cd77,phishing,phishing_stkipsetiabudhi.ac.idlibrary,screenshots/phishing_site_1/phishing_stkipsetiabudhi.ac.idlibrary_2190.png
6329075f223c2a37ca478cf3722e1b986a50775f1424c6202f5c628318e8cd77,phishing,phishing_www.chinahorton.comhttpwww.hsbc.com.br,screenshots/phishing_site_1/phishing_www.chinahorton.comhttpwww.hsbc.com.br_982.png
6329075f223c2a37ca478cf3722e1b986a50775f1424c6202f5c628318e8cd77,phishing,phishing_lichtundliebeistleben.detemplatesneues20verzeichnisimpots.gouvsloghomefile59fcff,screenshots/phishing_site_1/phishing_lichtundliebeistleben.detemplatesNeues20VerzeichnisImpots.GouvsLogHomefile59fcff_1497.png
6329075f223c2a37ca478cf3722e1b986a50775f1424c6202f5c628318e8cd77,phishing,phishing_stkipsetiabudhi.ac.idlibraryliblanglocalekolex,screenshots/phishing_site_1/phishing_stkipsetiabudhi.ac.idlibraryliblanglocaleKolex_2273.png
6329075f223c2a37ca478cf3722e1b986a50775f1424c6202f5c628318e8cd77,phishing,phishing_qitmall.comprevviesdetails.html,screenshots/phishing_site_1/phishing_qitmall.comprevviesdetails.html_895.png
6329075f223c2a37ca478cf3722e1b986a50775f1424c6202f5c628318e8cd77,phishing,phishing_www.aggiesaquariums.com.auwp-includesy78hiuok,screenshots/phishing_site_1/phishing_www.aggiesaquariums.com.auwp-includesy78hiuok_2834.png
f039ab7189516475b504699027bf2771a3b2da72fe8262bfb8fea2a08ac80266,legitimate,genuine_uk.ask.comwikiuss_barrow_apa-61,screenshots/genuine_site_0/genuine_uk.ask.comwikiUSS_Barrow_APA-61_2016.png
f039ab7189516475b504699027bf2771a3b2da72fe8262bfb8fea2a08ac80266,legitimate,genuine_uk.ask.comwikicfb_esquimalt,screenshots/genuine_site_0/genuine_uk.ask.comwikiCFB_Esquimalt_1902.png
30778931d2e80f435fbd0c2ea829f464f1cde58bb93b642347f0accb477de31c,legitimate,fandango.com,screenshots/genuine_site_0/fandango.com_230.png
a516419430cc2ea9c724710d628a99db79576d8069737af5f85933f1032155de,legitimate,citizendia.org,screenshots/genuine_site_0/citizendia.org_6.png
9dfe57cf6ec402046648658eda6146bc4accd348027a7e550cf37fa2644b4d04,legitimate,genuine_fenopy.eutorrentquebecundergroundnetmegapackpunkoiskagrindcoremusicfromquebecmtg,screenshots/genuine_site_0/genuine_fenopy.eutorrentquebecundergroundnetmegapackpunkoiskagrindcoremusicfromquebecMTg_1083.png
9dfe57cf6ec402046648658eda6146bc4accd348027a7e550cf37fa2644b4d04,legitimate,genuine_fenopy.eutorrentjerrycantrelldegradationtripvol12ntuxnzawmw,screenshots/genuine_site_0/genuine_fenopy.eutorrentJerryCantrellDegradationTripVol12NTUxNzAwMw_2319.png
7f9ca71969ea9d970792bc67913820d920aac9a3e545ba4e5eb9f6367f63f5d9,phishing,hjartholm.no,screenshots/phishing_site_1/hjartholm.no_148.png
cf35a6e30134815c69002d81a51692d30b53daa6dd4708a6eedbfa15c9b424ef,phishing,phishing_institex.orgbarclayb4nkbarky_newbarclay.php,screenshots/phishing_site_1/phishing_institex.orgbarclayb4nkbarky_newbarclay.php_2034.png
cf35a6e30134815c69002d81a51692d30b53daa6dd4708a6eedbfa15c9b424ef,phishing,phishing_thinkdesign.com.lbalibabaindex.php,screenshots/phishing_site_1/phishing_thinkdesign.com.lbalibabaindex.php_1449.png
cfa9b63a43bf507b19f52d2f9ff82f216c85fa798d9f5387cd64c285a1e385a0,legitimate,genuine_watchdog.netstaticindex06index_13699.html,screenshots/genuine_site_0/genuine_watchdog.netstaticindex06index_13699.html_752.png
8720bc88c666b5ec38edd5b96fa3f3399d157fa20e8ab67818281994affe6234,phishing,phishing_datongqu.comimagesmsn,screenshots/phishing_site_1/phishing_datongqu.comimagesmsn_2409.png
8720bc88c666b5ec38edd5b96fa3f3399d157fa20e8ab67818281994affe6234,phishing,phishing_200.98.119.77portuga3comprovativo_depositos.php,screenshots/phishing_site_1/phishing_200.98.119.77PORTUGA3COMPROVATIVO_DEPOSITOS.php_2131.png
6e0abc5b3ef5205838aae820e3b0009ddc3aef979a47873b4de645df4caea8d3,legitimate,genuine_twitter.comlori_songer,screenshots/genuine_site_0/genuine_twitter.comLori_Songer_2474.png
6e0abc5b3ef5205838aae820e3b0009ddc3aef979a47873b4de645df4caea8d3,legitimate,genuine_twitter.comkatumeghan,screenshots/genuine_site_0/genuine_twitter.comKATUMeghan_2275.png
6e0abc5b3ef5205838aae820e3b0009ddc3aef979a47873b4de645df4caea8d3,phishing,phishing_twitter.com5dvrylme2b,screenshots/phishing_site_1/phishing_twitter.com5dVRylmE2b_662.png
6e0abc5b3ef5205838aae820e3b0009ddc3aef979a47873b4de645df4caea8d3,phishing,phishing_twitter.comgnf1rrwfc5,screenshots/phishing_site_1/phishing_twitter.comgNF1rrwfC5_691.png
6e0abc5b3ef5205838aae820e3b0009ddc3aef979a47873b4de645df4caea8d3,phishing,phishing_twitter.comwazadua,screenshots/phishing_site_1/phishing_twitter.comwAzADUA_2672.png
df31ddd63161fabafeaa2b5794a12a36ed48a68f858e481dd6a64b61488bca16,phishing,phishing_aaronmaxdesign.comwordpresswp-contentnetvigatorupdateainputid.php,screenshots/phishing_site_1/phishing_aaronmaxdesign.comwordpresswp-contentnetvigatorupdateainputid.php_2850.png
5d77893fcdc8ee83dea7c5ad6030f5d3508e08ff20e9a8f67e15f23c0aeea296,legitimate,genuine_montrealgazette.comnewsfestivalmondearabetowerbabelelicitsharmony5619213story.ht,screenshots/genuine_site_0/genuine_montrealgazette.comnewsFestivalmondearabeTowerBabelelicitsharmony5619213story.ht_2009.png
02c58fc8ed16528137f06950c7c841b2efcd95a4d1a5f8ce112339753ea73c9d,phishing,phishing_registration-centere-recover.hostingsiteforfree.complease.php,screenshots/phishing_site_1/phishing_registration-centere-recover.hostingsiteforfree.complease.php_1419.png
6f6f246d4c4724d12596c8e209e3c5fae1dbcfc556e78af9304e68e27c403154,phishing,phishing_peypel.us.com.cgi.ngi.webscre.maps.logins.webaps.mba.homes.billings.activet.homa,screenshots/phishing_site_1/phishing_peypel.us.com.cgi.ngi.webscre.maps.logins.webaps.mba.homes.billings.activet.homa_2310.png
5ec1378a00be0b25850781677f4f0a745ddd648be5cea7c7a16f78be11b232a7,phishing,phishing_mgotto.homepage.t-online.dehjghjb54,screenshots/phishing_site_1/phishing_mgotto.homepage.t-online.deHJghjb54_2784.png
a09c041c0ebed330208d1795daa37d5a5497989911f0df5d9a8ac522a1c09d78,phishing,phishing_annakraktour.plworldgucci2014gdocsprocessing.html,screenshots/phishing_site_1/phishing_annakraktour.plWorldgucci2014gdocsprocessing.html_1415.png
a6f5ab0de89936b128d8a370b4c2d8e3198531a8ab40ba502dbb8560cc83714c,phishing,phishing_waaynet.comconfidentialfileyinputid.php,screenshots/phishing_site_1/phishing_waaynet.comconfidentialfileyinputid.php_499.png
f2bfa9390181f01d07cab3bb4a36885698c9af4d6ec41a7f03b5637cda30e865,phishing,phishing_www.bjcurio.comjsindex.htm,screenshots/phishing_site_1/phishing_www.bjcurio.comjsindex.htm_659.png
f2bfa9390181f01d07cab3bb4a36885698c9af4d6ec41a7f03b5637cda30e865,phishing,phishing_www.bjcurio.comjsindex.htm,screenshots/phishing_site_1/phishing_www.bjcurio.comjsindex.htm_1031.png
7311fb1852e9321f7ca659d84b8555e5774b08c7465800805beece546d4af4ab,phishing,phishing_zxpos.nettplchatnuchinucahsichimocalaibancagtzatocamlaizanfotolaiavas.html,screenshots/phishing_site_1/phishing_zxpos.nettplChatnuchinucahsichimocalaibancagtzatocamlaizanfotolaiavas.html_2315.png
7311fb1852e9321f7ca659d84b8555e5774b08c7465800805beece546d4af4ab,phishing,phishing_bjbwzx.com.cnjs,screenshots/phishing_site_1/phishing_bjbwzx.com.cnjs_1041.png
2899a2e32946d92a3920c259f0d4343725f1a130233c9701003f98079ee0cc60,phishing,phishing_mark-westcott.comadminpanelfckeditoreditorfilemanagerupload_notesprivateallaccou,screenshots/phishing_site_1/phishing_mark-westcott.comadminpanelFCKeditoreditorfilemanagerupload_notesprivateallaccou_1657.png
c0756771d50e6f47bb03ef364379ca50021cfa0ac8f49eb8451baeba16e47d1d,phishing,phishing_lensstrap.comtmpsfreemobile.fr33199cdaba6aeb15ba11cad5daed34bb5501ac7c10587a9b00,screenshots/phishing_site_1/phishing_lensstrap.comtmpsfreemobile.fr33199cdaba6aeb15ba11cad5daed34bb5501ac7c10587a9b00_1723.png
c0756771d50e6f47bb03ef364379ca50021cfa0ac8f49eb8451baeba16e47d1d,phishing,phishing_dashingleather.comg38f3fg,screenshots/phishing_site_1/phishing_dashingleather.comg38f3fg_1953.png
632bf5efe49ed69e70082afae02b053a50f01b12eea5f7ff24c24a17c4932b0b,phishing,phishing_osscamp.plpoeosiasxskksweeoeidppdadoeiidas,screenshots/phishing_site_1/phishing_osscamp.plpoeosiasxskksweeoeidppdadoeiidas_1874.png
09bdde8c0340adc19dc6b189cce5521dda7b05ae5734f663656743cf0dc2bc6a,phishing,phishing_serwer1374165.home.plradmaxwebcomponentscom_jnewsincludesjqueryaol.htm,screenshots/phishing_site_1/phishing_serwer1374165.home.plradmaxwebcomponentscom_jnewsincludesjqueryaol.htm_2010.png
28ecb3a852642ae014a49eafcd97e7c71c7c904e492a180656d96b7a914043c9,phishing,phishing_gelecekdiyarbakirsigorta.com56f2gsu782desf,screenshots/phishing_site_1/phishing_gelecekdiyarbakirsigorta.com56f2gsu782desf_2194.png
83ec6aef7bfbe6dba1977a13287cd28e1f6d7c1bdbd8172a0bc1955bb34e788f,phishing,phishing_spreadsheets.google.comspreadsheetformresponse,screenshots/phishing_site_1/phishing_spreadsheets.google.comspreadsheetformResponse_1936.png
d2e379b66e039c7f8ee49372f3d01c9c7bfbf8f7bf159ce022b88af81926f735,phishing,phishing_cndoubleegret.comadminsecurecmd-login870dcac37e414745bc4bf25f50508247,screenshots/phishing_site_1/phishing_cndoubleegret.comadminsecurecmd-login870dcac37e414745bc4bf25f50508247_964.png
fd4eff6d4cd4277f19a4ecf40d1113b28273d063bd420028704a01a72b7bd565,phishing,phishing_zhivoe-slovo.rumediasantander_priv8_2016.3.1.253,screenshots/phishing_site_1/phishing_zhivoe-slovo.rumediaSantander_priv8_2016.3.1.253_2139.png
6aef088611886c69b732922abf4819fbdc53fb677bcdd43dc826aeba7dead9d0,phishing,phishing_arteemmetais.com.brwp-admincsscolorsoceanarteemecp.php,screenshots/phishing_site_1/phishing_arteemmetais.com.brwp-admincsscolorsoceanarteemecp.php_2610.png
6aef088611886c69b732922abf4819fbdc53fb677bcdd43dc826aeba7dead9d0,phishing,phishing_www.theoweiss.com.brmediacom_akeebathemeimagescp.php,screenshots/phishing_site_1/phishing_www.theoweiss.com.brmediacom_akeebathemeimagescp.php_2706.png
6305238e4eca5f24b760d339b32e14873a0b3dc8a04d65932060290776e8e3e2,phishing,phishing_pastehtml.comviewbcockf3tr.html,screenshots/phishing_site_1/phishing_pastehtml.comviewbcockf3tr.html_1243.png
6305238e4eca5f24b760d339b32e14873a0b3dc8a04d65932060290776e8e3e2,phishing,phishing_pastehtml.comviewbft8b9yy6.html,screenshots/phishing_site_1/phishing_pastehtml.comviewbft8b9yy6.html_2582.png
daf6169b7bb072e756344f3bdc2187b0c0b262864f0cc22bfec6c734b9f19b55,phishing,phishing_www.babinet.czavatars19889hiresdir950bfa31df7949b609037a63b5509bc2,screenshots/phishing_site_1/phishing_www.babinet.czavatars19889hiresdir950bfa31df7949b609037a63b5509bc2_192.png
eb907d8a0862a2b3a95e52f00b3f122ccf132fe32fd1d09614c393e744d20bb8,phishing,phishing_veganvet.netcategorypodcasts,screenshots/phishing_site_1/phishing_veganvet.netcategorypodcasts_638.png
9585f57d46d0bc04c33a6ae515756a0f8f10a654efca9e923dacd4b560a86cf7,phishing,phishing_gfgfgfhdfh.3owl.comychoolgn12verifi2012c.php,screenshots/phishing_site_1/phishing_gfgfgfhdfh.3owl.comychoolgn12verifi2012c.php_634.png
9585f57d46d0bc04c33a6ae515756a0f8f10a654efca9e923dacd4b560a86cf7,phishing,phishing_schluesseldienst-stuttgart-ludwig.deppp667ea8dfa397f52177e7bc54710838b4ditzzzpwa,screenshots/phishing_site_1/phishing_schluesseldienst-stuttgart-ludwig.deppp667ea8dfa397f52177e7bc54710838b4ditzzzpwa_1858.png
9585f57d46d0bc04c33a6ae515756a0f8f10a654efca9e923dacd4b560a86cf7,phishing,phishing_confiagro.com.br.httpswwwlogin.msoutlookonline.netwsigninowaauthlogon.aspx_repla,screenshots/phishing_site_1/phishing_confiagro.com.br.httpswwwlogin.msoutlookonline.netwsigninowaauthlogon.aspx_repla_1464.png
2a8cd2208925c047cb92a475a85ad17965a66f75e44f0c122791f25b16aa13c0,phishing,phishing_textidea.comworknewindex.php,screenshots/phishing_site_1/phishing_textidea.comworknewindex.php_1669.png
ff98c640b184950dc4a1778a526b1f5ff044688a9d805d8780fb06bbc6160f6e,phishing,phishing_dedivan.ruindex.php,screenshots/phishing_site_1/phishing_dedivan.ruindex.php_2622.png
ff98c640b184950dc4a1778a526b1f5ff044688a9d805d8780fb06bbc6160f6e,phishing,phishing_dedivan.rucart.php,screenshots/phishing_site_1/phishing_dedivan.rucart.php_1223.png
df1c4f3d26b9c29180ad6fa25394d9950500834ff30db00dd0d97f5d179253f8,phishing,phishing_richsportsmgmt.comadministratorhelpen-gbu.s.bank.securiy.center.html,screenshots/phishing_site_1/phishing_richsportsmgmt.comadministratorhelpen-GBU.S.Bank.Securiy.Center.html_437.png
df1c4f3d26b9c29180ad6fa25394d9950500834ff30db00dd0d97f5d179253f8,phishing,phishing_www.bellissimo-architectural-finishes.comwww66.discovercard.com,screenshots/phishing_site_1/phishing_www.bellissimo-architectural-finishes.comwww66.discovercard.com_607.png
6ff227e4712e630787291be696ced5d4a1d8bced11b460a519f657c88f400874,phishing,phishing_tostem.rel7.com,screenshots/phishing_site_1/phishing_tostem.rel7.com_1684.png
